vocab_size,tr_bleu,tr_chrf,rnn_bleu,rnn_chrf,training_time_min
2000,53.72849659117713,53.21896937068961,100.00000000000004,100.0,47.66468331019084
4000,35.355339059327385,47.96487825899591,90.36020036098454,86.58907396950873,48.77602769931158
